Date,Cycling Duration (hrs),Avg Watt (Est),FTP_used,Run Duration (hrs),Run RPE,Calories In,Sleep (hrs),Weight (lbs),Phase,Location,Wake Time,RHR,Mood (1-10),Energy (1-10),Hunger (1-10),Dopamine Cravings (1-10),Notes,Sport,Cycling Distance (mi),Cycling Speed (mph),Cycling Elevation (ft),Cycling TSS (Est),Cycling Session Type,Position,Wind (mph),Temp (°F),Humidity (%),Run Dist (mi),Run TSS (Est),Run Session Type,FTP_dynamic,Protein (g),Carbs (g),Fat (g),Sugar (g),Sodium (g),Potassium (g),Sodium intra (g),Carb Intake/hr,Cycling Hydration Index,Watts/kg,kcal per Watt-hour,Total Training Hr,Total Mileage (Bike + Run),Total TSS (Bike + Run),Total KJ,Calories Burned,Surplus/Deficit,Recovery Score,Avg Watt (7d Avg),TSS (7d Avg),ATL (7d EWMA),CTL (42d EWMA),TSB (EWMA),KJ (7d avg),Sleep (7d Avg),Carb Intake/hr (7d Avg),Surplus/Deficit (7d Avg),Cycling KJ,Cycling Calories Burned,Cycling Intensity Factor (IF),Run Calories Burned,Run KJ,RHR Variability,Avg Watt (Est) (7d Avg),Total TSS (Bike + Run) (7d Avg),Sleep (hrs) (7d Avg),Total KJ (7d Avg)
2023-01-01,2.0,200,250,0.0,0,2500,8.0,160,Base,Home,2025-11-14 07:00:00,50,8,8,7,5,Good session,,,,,128.00000000000003,,,,,,,0.0,,,,,,,,,,,,2.755780525229722,3.42,2.0,0,128.00000000000003,1440.0,1368.0,1132.0,5.6,,,128.00000000000003,128.00000000000003,0.0,,,,,1440.0,1368.0,0.8,0.0,0.0,,,,,
2023-01-02,3.0,220,250,0.0,0,2600,7.5,160,Build,Trail,2025-11-14 06:30:00,48,7,7,6,4,Tired,,,,,232.32,,,,,,,0.0,,,,,,,,,,,,3.031358577752694,3.42,3.0,0,232.32,2376.0,2257.2,342.8000000000002,5.1,,,187.6114285714286,181.4019047619048,-6.209523809523802,,,,,2376.0,2257.2,0.88,0.0,0.0,,,,,
2023-01-03,1.5,180,250,1.0,7,2400,9.0,160,Peak,Gym,2025-11-14 07:15:00,52,9,9,8,6,Strong,,,,,77.75999999999999,,,,,,,98.0,,,,,,,,,,,,2.4802024727067495,6.107952592592592,2.5,0,175.76,4008.5262848,1649.1471999999999,750.8528000000001,6.3,,,182.48648648648648,179.43102210466657,-3.0554643818199168,,,,,972.0,923.4,0.72,725.7472,3036.5262848,,,,,
2023-01-04,4.0,250,250,0.0,0,2700,8.5,160,Taper,Road,2025-11-14 06:45:00,49,6,6,5,3,Recovery,,,,,400.0,,,,,,,0.0,,,,,,,,,,,,3.4447256565371522,3.42,4.0,0,400.0,3600.0,3420.0,-720.0,5.2,,,262.0342857142857,238.5729947389721,-23.461290975313602,,,,,3600.0,3420.0,1.0,0.0,0.0,,,,,
2023-01-05,2.5,210,250,0.5,6,2550,7.0,160,Race,Track,2025-11-14 07:30:00,51,8,8,7,5,PR,,,,,176.39999999999998,,,,,,,36.0,,,,,,,,,,,,2.893569551491208,4.111187809523809,3.0,0,212.39999999999998,3408.2631424,2158.3736,391.6264000000001,5.2,,,245.76491677336747,232.82828714543248,-12.936629627934991,,,,,1890.0,1795.5,0.84,362.8736,1518.2631424,,,,,
